company name,job type,job title,publication_date,city,country
Siemens,external,Service Manager for PKI Services (m/f/d),2023-04-27,Bern, Switzerland
Siemens,external,Team Lead Cloud Success Architecture,2023-05-31,Środa Wielkopolska, Poland
Bank of America,external,Relationship Banker - Washington Park Financial Center,2023-09-19,Providence, RI
Siemens,external,evosoft - Senior C# developer,2023-04-21,Szeged, Hungary
WithumSmith+Brown,external,Construction Experienced Audit Associate,2023-10-19,New Brunswick, NJ
Brilliant Earth,external,"Customer Experience Assistant, Retail Sales",2023-10-11,Charlotte, NC
Samsara Inc.,external,Account Development Representative - EST/CST,2023-10-19,Flexible / Remote,
Siemens,external,召募令！西门子神秘岛探索之旅- 8月夏季峰会 (北京总部) ,2023-03-30,Beijing, China
Siemens,external,"DOD SkillBridge Internship - Technical Sales - Seattle, WA",2023-04-29,Bellevue, WA
Siemens,external,Energy / Performance Engineer 60-100%,2023-03-23,Luzern, Switzerland
Cisco Meraki,external,Sales Specialist Collaboration - Greece,2023-06-27,Athens, Greece
Bank of America,external,Client Services Rep II - Retail 1st Shift Spanish,2023-09-13,Las Vegas, NV
Bank of America,external,Private Wealth Client Associate,2023-09-22,Rochester, MA
Cisco Meraki,external,Backend/ Physical Design Engineer,2023-06-09,Netanya, Israel
Siemens,external,Cyber Security Expert (w/m/d),2023-04-17,Erlangen, Germany
Siemens,external,Junior Firmware Developer,2023-01-04,Braşov, Romania
Philips,external,"Product Manager, Emergency Care",2023-10-11,Bothell, WA
Siemens,external,Regional Sales Professional - EMS ADMS DERMS (remote West Coast),2023-03-09,Bend, OR
Siemens,external,Senior Developer (f/m/diverse) Digital Solutions bei der evosoft GmbH,2023-05-11,Ingolstadt, Germany
Cisco Meraki,external,Pricing & Modeling Manger -BE Finance,2023-06-24,Philadelphia, PA
